﻿[{"Match ID":"1","Date":"18-Apr-08","Venue":"M. Chinnaswamy Stadium, Bangalore","Team1":"Kolkata Knight Riders","Team2":"Royal Challengers Bangalore","Toss winner":"Royal Challengers Bangalore","Toss decision":"Field","Stage":"Group","First innings score":"222","First innings wicket":"3","Second innings score":"82","Second innings wicket":"10","Match winner":"Kolkata Knight Riders","Won by":"Runs","Margin":"140","Player of the match":"Brendon McCullum"}
,{"Match ID":"2","Date":"19-Apr-08","Venue":"Punjab Cricket Association Stadium, Mohali","Team1":"Chennai Super Kings","Team2":"Kings XI Punjab","Toss winner":"Chennai Super Kings","Toss decision":"Bat","Stage":"Group","First innings score":"240","First innings wicket":"5","Second innings score":"207","Second innings wicket":"4","Match winner":"Chennai Super Kings","Won by":"Runs","Margin":"33","Player of the match":"Michael Hussey"}
,{"Match ID":"3","Date":"19-Apr-08","Venue":"Feroz Shah Kotla, Delhi","Team1":"Rajasthan Royals","Team2":"Delhi Daredevils","Toss winner":"Rajasthan Royals","Toss decision":"Bat","Stage":"Group","First innings score":"129","First innings wicket":"8","Second innings score":"132","Second innings wicket":"1","Match winner":"Delhi Daredevils","Won by":"Wickets","Margin":"9","Player of the match":"Farveez Maharoof"}
,{"Match ID":"4","Date":"20-Apr-08","Venue":"Eden Gardens, Kolkata","Team1":"Deccan Chargers","Team2":"Kolkata Knight Riders","Toss winner":"Deccan Chargers","Toss decision":"Bat","Stage":"Group","First innings score":"110","First innings wicket":"10","Second innings score":"112","Second innings wicket":"5","Match winner":"Kolkata Knight Riders","Won by":"Wickets","Margin":"5","Player of the match":"David Hussey"}
,{"Match ID":"5","Date":"20-Apr-08","Venue":"Wankhede Stadium, Mumbai","Team1":"Mumbai Indians","Team2":"Royal Challengers Bangalore","Toss winner":"Mumbai Indians","Toss decision":"Bat","Stage":"Group","First innings score":"165","First innings wicket":"6","Second innings score":"166","Second innings wicket":"5","Match winner":"Royal Challengers Bangalore","Won by":"Wickets","Margin":"5","Player of the match":"Mark Boucher"}
,{"Match ID":"6","Date":"21-Apr-08","Venue":"Sawai Mansingh Stadium, Jaipur","Team1":"Kings XI Punjab","Team2":"Rajasthan Royals","Toss winner":"Kings XI Punjab","Toss decision":"Bat","Stage":"Group","First innings score":"166","First innings wicket":"8","Second innings score":"168","Second innings wicket":"4","Match winner":"Rajasthan Royals","Won by":"Wickets","Margin":"6","Player of the match":"Shane Watson"}
,{"Match ID":"7","Date":"22-Apr-08","Venue":"Rajiv Gandhi International Cricket Stadium, Hyderabad","Team1":"Deccan Chargers","Team2":"Delhi Daredevils","Toss winner":"Deccan Chargers","Toss decision":"Bat","Stage":"Group","First innings score":"142","First innings wicket":"8","Second innings score":"143","Second innings wicket":"1","Match winner":"Delhi Daredevils","Won by":"Wickets","Margin":"9","Player of the match":"Virender Sehwag"}
,{"Match ID":"8","Date":"23-Apr-08","Venue":"M. A Chidambaram Stadium, Chennai","Team1":"Chennai Super Kings","Team2":"Mumbai Indians","Toss winner":"Mumbai Indians","Toss decision":"Field","Stage":"Group","First innings score":"208","First innings wicket":"5","Second innings score":"202","Second innings wicket":"7","Match winner":"Chennai Super Kings","Won by":"Runs","Margin":"6","Player of the match":"Matthew Hayden"}
,{"Match ID":"9","Date":"24-Apr-08","Venue":"Rajiv Gandhi International Cricket Stadium, Hyderabad","Team1":"Deccan Chargers","Team2":"Rajasthan Royals","Toss winner":"Rajasthan Royals","Toss decision":"Field","Stage":"Group","First innings score":"214","First innings wicket":"5","Second innings score":"217","Second innings wicket":"7","Match winner":"Rajasthan Royals","Won by":"Wickets","Margin":"3","Player of the match":"Yusuf Pathan"}
,{"Match ID":"10","Date":"25-Apr-08","Venue":"Punjab Cricket Association Stadium, Mohali","Team1":"Kings XI Punjab","Team2":"Mumbai Indians","Toss winner":"Mumbai Indians","Toss decision":"Field","Stage":"Group","First innings score":"182","First innings wicket":"10","Second innings score":"116","Second innings wicket":"9","Match winner":"Kings XI Punjab","Won by":"Runs","Margin":"66","Player of the match":"Kumar Sangakkara"}
,{"Match ID":"11","Date":"26-Apr-08","Venue":"M. A Chidambaram Stadium, Chennai","Team1":"Kolkata Knight Riders","Team2":"Chennai Super Kings","Toss winner":"Kolkata Knight Riders","Toss decision":"Bat","Stage":"Group","First innings score":"147","First innings wicket":"9","Second innings score":"152","Second innings wicket":"1","Match winner":"Chennai Super Kings","Won by":"Wickets","Margin":"9","Player of the match":"Jacob Oram"}
,{"Match ID":"12","Date":"26-Apr-08","Venue":"M. Chinnaswamy Stadium, Bangalore","Team1":"Royal Challengers Bangalore","Team2":"Rajasthan Royals","Toss winner":"Rajasthan Royals","Toss decision":"Field","Stage":"Group","First innings score":"135","First innings wicket":"8","Second innings score":"138","Second innings wicket":"3","Match winner":"Rajasthan Royals","Won by":"Wickets","Margin":"7","Player of the match":"Shane Watson"}
,{"Match ID":"13","Date":"27-Apr-08","Venue":"Punjab Cricket Association Stadium, Mohali","Team1":"Delhi Daredevils","Team2":"Kings XI Punjab","Toss winner":"Delhi Daredevils","Toss decision":"Bat","Stage":"Group","First innings score":"158","First innings wicket":"8","Second innings score":"162","Second innings wicket":"6","Match winner":"Kings XI Punjab","Won by":"Wickets","Margin":"4","Player of the match":"Simon Katich"}
,{"Match ID":"14","Date":"27-Apr-08","Venue":"DY Patil Stadium, Navi Mumbai","Team1":"Mumbai Indians","Team2":"Deccan Chargers","Toss winner":"Deccan Chargers","Toss decision":"Field","Stage":"Group","First innings score":"154","First innings wicket":"7","Second innings score":"155","Second innings wicket":"0","Match winner":"Deccan Chargers","Won by":"Wickets","Margin":"10","Player of the match":"Adam Gilchrist"}
,{"Match ID":"15","Date":"28-Apr-08","Venue":"M. Chinnaswamy Stadium, Bangalore","Team1":"Chennai Super Kings","Team2":"Royal Challengers Bangalore","Toss winner":"Chennai Super Kings","Toss decision":"Bat","Stage":"Group","First innings score":"178","First innings wicket":"5","Second innings score":"165","Second innings wicket":"10","Match winner":"Chennai Super Kings","Won by":"Runs","Margin":"13","Player of the match":"Mahendra Singh Dhoni"}
,{"Match ID":"16","Date":"29-Apr-08","Venue":"Eden Gardens, Kolkata","Team1":"Kolkata Knight Riders","Team2":"Mumbai Indians","Toss winner":"Kolkata Knight Riders","Toss decision":"Bat","Stage":"Group","First innings score":"137","First innings wicket":"8","Second innings score":"138","Second innings wicket":"3","Match winner":"Mumbai Indians","Won by":"Wickets","Margin":"7","Player of the match":"Sanath Jayasuriya"}
,{"Match ID":"17","Date":"30-Apr-08","Venue":"Feroz Shah Kotla, Delhi","Team1":"Delhi Daredevils","Team2":"Royal Challengers Bangalore","Toss winner":"Royal Challengers Bangalore","Toss decision":"Field","Stage":"Group","First innings score":"191","First innings wicket":"5","Second innings score":"181","Second innings wicket":"5","Match winner":"Delhi Daredevils","Won by":"Runs","Margin":"10","Player of the match":"Glenn McGrath"}
,{"Match ID":"18","Date":"01-May-08","Venue":"Sawai Mansingh Stadium, Jaipur","Team1":"Rajasthan Royals","Team2":"Kolkata Knight Riders","Toss winner":"Rajasthan Royals","Toss decision":"Bat","Stage":"Group","First innings score":"196","First innings wicket":"7","Second innings score":"151","Second innings wicket":"10","Match winner":"Rajasthan Royals","Won by":"Runs","Margin":"45","Player of the match":"Swapnil Asnodkar"}
,{"Match ID":"19","Date":"01-May-08","Venue":"Rajiv Gandhi International Cricket Stadium, Hyderabad","Team1":"Deccan Chargers","Team2":"Kings XI Punjab","Toss winner":"Kings XI Punjab","Toss decision":"Field","Stage":"Group","First innings score":"164","First innings wicket":"8","Second innings score":"167","Second innings wicket":"3","Match winner":"Kings XI Punjab","Won by":"Wickets","Margin":"7","Player of the match":"Shaun Marsh"}
,{"Match ID":"20","Date":"02-May-08","Venue":"M. A Chidambaram Stadium, Chennai","Team1":"Chennai Super Kings","Team2":"Delhi Daredevils","Toss winner":"Chennai Super Kings","Toss decision":"Bat","Stage":"Group","First innings score":"169","First innings wicket":"6","Second innings score":"172","Second innings wicket":"2","Match winner":"Delhi Daredevils","Won by":"Wickets","Margin":"8","Player of the match":"Virender Sehwag"}
,{"Match ID":"21","Date":"03-May-08","Venue":"M. Chinnaswamy Stadium, Bangalore","Team1":"Royal Challengers Bangalore","Team2":"Deccan Chargers","Toss winner":"Deccan Chargers","Toss decision":"Field","Stage":"Group","First innings score":"156","First innings wicket":"8","Second innings score":"153","Second innings wicket":"6","Match winner":"Royal Challengers Bangalore","Won by":"Runs","Margin":"3","Player of the match":"Praveen Kumar"}
,{"Match ID":"22","Date":"03-May-08","Venue":"Punjab Cricket Association Stadium, Mohali","Team1":"Kings XI Punjab","Team2":"Kolkata Knight Riders","Toss winner":"Kings XI Punjab","Toss decision":"Bat","Stage":"Group","First innings score":"178","First innings wicket":"6","Second innings score":"169","Second innings wicket":"6","Match winner":"Kings XI Punjab","Won by":"Runs","Margin":"9","Player of the match":"Irfan Pathan"}
,{"Match ID":"23","Date":"04-May-08","Venue":"DY Patil Stadium, Navi Mumbai","Team1":"Mumbai Indians","Team2":"Delhi Daredevils","Toss winner":"Delhi Daredevils","Toss decision":"Field","Stage":"Group","First innings score":"162","First innings wicket":"8","Second innings score":"133","Second innings wicket":"10","Match winner":"Mumbai Indians","Won by":"Runs","Margin":"29","Player of the match":"Shaun Pollock"}
,{"Match ID":"24","Date":"04-May-08","Venue":"Sawai Mansingh Stadium, Jaipur","Team1":"Chennai Super Kings","Team2":"Rajasthan Royals","Toss winner":"Chennai Super Kings","Toss decision":"Bat","Stage":"Group","First innings score":"109","First innings wicket":"10","Second innings score":"110","Second innings wicket":"2","Match winner":"Rajasthan Royals","Won by":"Wickets","Margin":"8","Player of the match":"Sohail Tanvir"}
,{"Match ID":"25","Date":"05-May-08","Venue":"M. Chinnaswamy Stadium, Bangalore","Team1":"Royal Challengers Bangalore","Team2":"Kings XI Punjab","Toss winner":"Kings XI Punjab","Toss decision":"Field","Stage":"Group","First innings score":"126","First innings wicket":"10","Second innings score":"127","Second innings wicket":"4","Match winner":"Kings XI Punjab","Won by":"Wickets","Margin":"6","Player of the match":"Sreesanth"}
,{"Match ID":"26","Date":"06-May-08","Venue":"M. A Chidambaram Stadium, Chennai","Team1":"Chennai Super Kings","Team2":"Deccan Chargers","Toss winner":"Deccan Chargers","Toss decision":"Field","Stage":"Group","First innings score":"144","First innings wicket":"7","Second innings score":"148","Second innings wicket":"3","Match winner":"Deccan Chargers","Won by":"Wickets","Margin":"7","Player of the match":"Adam Gilchrist"}
,{"Match ID":"27","Date":"07-May-08","Venue":"DY Patil Stadium, Navi Mumbai","Team1":"Rajasthan Royals","Team2":"Mumbai Indians","Toss winner":"Mumbai Indians","Toss decision":"Field","Stage":"Group","First innings score":"103","First innings wicket":"10","Second innings score":"104","Second innings wicket":"3","Match winner":"Mumbai Indians","Won by":"Wickets","Margin":"7","Player of the match":"Ashish Nehra"}
,{"Match ID":"28","Date":"08-May-08","Venue":"Feroz Shah Kotla, Delhi","Team1":"Delhi Daredevils","Team2":"Chennai Super Kings","Toss winner":"Chennai Super Kings","Toss decision":"Field","Stage":"Group","First innings score":"187","First innings wicket":"5","Second innings score":"188","Second innings wicket":"6","Match winner":"Chennai Super Kings","Won by":"Wickets","Margin":"4","Player of the match":"Mahendra Singh Dhoni"}
,{"Match ID":"29","Date":"08-May-08","Venue":"Eden Gardens, Kolkata","Team1":"Kolkata Knight Riders","Team2":"Royal Challengers Bangalore","Toss winner":"Kolkata Knight Riders","Toss decision":"Bat","Stage":"Group","First innings score":"129","First innings wicket":"7","Second innings score":"124","Second innings wicket":"4","Match winner":"Kolkata Knight Riders","Won by":"Runs","Margin":"5","Player of the match":"Sourav Ganguly"}
,{"Match ID":"30","Date":"09-May-08","Venue":"Sawai Mansingh Stadium, Jaipur","Team1":"Deccan Chargers","Team2":"Rajasthan Royals","Toss winner":"Rajasthan Royals","Toss decision":"Field","Stage":"Group","First innings score":"140","First innings wicket":"8","Second innings score":"141","Second innings wicket":"2","Match winner":"Rajasthan Royals","Won by":"Wickets","Margin":"8","Player of the match":"Yusuf Pathan"}
,{"Match ID":"31","Date":"10-May-08","Venue":"M. A Chidambaram Stadium, Chennai","Team1":"Chennai Super Kings","Team2":"Kings XI Punjab","Toss winner":"Kings XI Punjab","Toss decision":"Field","Stage":"Group","First innings score":"181","First innings wicket":"4","Second innings score":"163","Second innings wicket":"9","Match winner":"Chennai Super Kings","Won by":"Runs","Margin":"18","Player of the match":"Lakshmipathy Balaji"}
,{"Match ID":"32","Date":"11-May-08","Venue":"Rajiv Gandhi International Cricket Stadium, Hyderabad","Team1":"Kolkata Knight Riders","Team2":"Deccan Chargers","Toss winner":"Kolkata Knight Riders","Toss decision":"Bat","Stage":"Group","First innings score":"204","First innings wicket":"4","Second innings score":"181","Second innings wicket":"7","Match winner":"Kolkata Knight Riders","Won by":"Runs","Margin":"23","Player of the match":"Sourav Ganguly"}
,{"Match ID":"33","Date":"11-May-08","Venue":"Sawai Mansingh Stadium, Jaipur","Team1":"Delhi Daredevils","Team2":"Rajasthan Royals","Toss winner":"Rajasthan Royals","Toss decision":"Field","Stage":"Group","First innings score":"156","First innings wicket":"7","Second innings score":"159","Second innings wicket":"7","Match winner":"Rajasthan Royals","Won by":"Wickets","Margin":"3","Player of the match":"Shane Watson"}
,{"Match ID":"34","Date":"12-May-08","Venue":"Punjab Cricket Association Stadium, Mohali","Team1":"Royal Challengers Bangalore","Team2":"Kings XI Punjab","Toss winner":"Royal Challengers Bangalore","Toss decision":"Bat","Stage":"Group","First innings score":"143","First innings wicket":"8","Second innings score":"144","Second innings wicket":"1","Match winner":"Kings XI Punjab","Won by":"Wickets","Margin":"9","Player of the match":"Shaun Marsh"}
,{"Match ID":"35","Date":"13-May-08","Venue":"Eden Gardens, Kolkata","Team1":"Kolkata Knight Riders","Team2":"Delhi Daredevils","Toss winner":"Kolkata Knight Riders","Toss decision":"Bat","Stage":"Group","First innings score":"133","First innings wicket":"6","Second innings score":"110","Second innings wicket":"10","Match winner":"Kolkata Knight Riders","Won by":"Runs","Margin":"23","Player of the match":"Shoaib Akhtar"}
,{"Match ID":"36","Date":"14-May-08","Venue":"Wankhede Stadium, Mumbai","Team1":"Chennai Super Kings","Team2":"Mumbai Indians","Toss winner":"Mumbai Indians","Toss decision":"Field","Stage":"Group","First innings score":"156","First innings wicket":"6","Second innings score":"158","Second innings wicket":"1","Match winner":"Mumbai Indians","Won by":"Wickets","Margin":"9","Player of the match":"Sanath Jayasuriya"}
,{"Match ID":"37","Date":"15-May-08","Venue":"Feroz Shah Kotla, Delhi","Team1":"Delhi Daredevils","Team2":"Deccan Chargers","Toss winner":"Deccan Chargers","Toss decision":"Field","Stage":"Group","First innings score":"194","First innings wicket":"4","Second innings score":"182","Second innings wicket":"9","Match winner":"Delhi Daredevils","Won by":"Runs","Margin":"12","Player of the match":"Amit Mishra"}
,{"Match ID":"38","Date":"16-May-08","Venue":"Wankhede Stadium, Mumbai","Team1":"Kolkata Knight Riders","Team2":"Mumbai Indians","Toss winner":"Mumbai Indians","Toss decision":"Field","Stage":"Group","First innings score":"67","First innings wicket":"10","Second innings score":"68","Second innings wicket":"2","Match winner":"Mumbai Indians","Won by":"Wickets","Margin":"8","Player of the match":"Shaun Pollock"}
,{"Match ID":"39","Date":"17-May-08","Venue":"Sawai Mansingh Stadium, Jaipur","Team1":"Rajasthan Royals","Team2":"Royal Challengers Bangalore","Toss winner":"Royal Challengers Bangalore","Toss decision":"Field","Stage":"Group","First innings score":"197","First innings wicket":"1","Second innings score":"132","Second innings wicket":"9","Match winner":"Rajasthan Royals","Won by":"Runs","Margin":"65","Player of the match":"Graeme Smith"}
,{"Match ID":"40","Date":"17-May-08","Venue":"Feroz Shah Kotla, Delhi","Team1":"Delhi Daredevils","Team2":"Kings XI Punjab","Toss winner":"Delhi Daredevils","Toss decision":"Bat","Stage":"Group","First innings score":"118","First innings wicket":"4","Second innings score":"94","Second innings wicket":"3","Match winner":"Kings XI Punjab","Won by":"Runs","Margin":"6","Player of the match":"Mahela Jayawardene"}
,{"Match ID":"41","Date":"18-May-08","Venue":"Eden Gardens, Kolkata","Team1":"Kolkata Knight Riders","Team2":"Chennai Super Kings","Toss winner":"Kolkata Knight Riders","Toss decision":"Bat","Stage":"Group","First innings score":"149","First innings wicket":"5","Second innings score":"55","Second innings wicket":"0","Match winner":"Chennai Super Kings","Won by":"Runs","Margin":"3","Player of the match":"Makhaya Ntini"}
,{"Match ID":"42","Date":"18-May-08","Venue":"Rajiv Gandhi International Cricket Stadium, Hyderabad","Team1":"Mumbai Indians","Team2":"Deccan Chargers","Toss winner":"Deccan Chargers","Toss decision":"Field","Stage":"Group","First innings score":"178","First innings wicket":"7","Second innings score":"153","Second innings wicket":"7","Match winner":"Mumbai Indians","Won by":"Runs","Margin":"25","Player of the match":"Dwayne Bravo"}
,{"Match ID":"43","Date":"19-May-08","Venue":"M. Chinnaswamy Stadium, Bangalore","Team1":"Royal Challengers Bangalore","Team2":"Delhi Daredevils","Toss winner":"Delhi Daredevils","Toss decision":"Field","Stage":"Group","First innings score":"154","First innings wicket":"7","Second innings score":"158","Second innings wicket":"5","Match winner":"Delhi Daredevils","Won by":"Wickets","Margin":"5","Player of the match":"Shreevats Goswami"}
,{"Match ID":"44","Date":"20-May-08","Venue":"Eden Gardens, Kolkata","Team1":"Kolkata Knight Riders","Team2":"Rajasthan Royals","Toss winner":"Rajasthan Royals","Toss decision":"Field","Stage":"Group","First innings score":"147","First innings wicket":"8","Second innings score":"150","Second innings wicket":"4","Match winner":"Rajasthan Royals","Won by":"Wickets","Margin":"6","Player of the match":"Yusuf Pathan"}
,{"Match ID":"45","Date":"21-May-08","Venue":"Wankhede Stadium, Mumbai","Team1":"Kings XI Punjab","Team2":"Mumbai Indians","Toss winner":"Mumbai Indians","Toss decision":"Field","Stage":"Group","First innings score":"189","First innings wicket":"4","Second innings score":"188","Second innings wicket":"10","Match winner":"Kings XI Punjab","Won by":"Runs","Margin":"1","Player of the match":"Shaun Marsh"}
,{"Match ID":"46","Date":"21-May-08","Venue":"M. A Chidambaram Stadium, Chennai","Team1":"Royal Challengers Bangalore","Team2":"Chennai Super Kings","Toss winner":"Royal Challengers Bangalore","Toss decision":"Bat","Stage":"Group","First innings score":"126","First innings wicket":"8","Second innings score":"112","Second innings wicket":"8","Match winner":"Royal Challengers Bangalore","Won by":"Runs","Margin":"14","Player of the match":"Anil Kumble"}
,{"Match ID":"47","Date":"22-May-08","Venue":"Feroz Shah Kotla, Delhi","Team1":"Delhi Daredevils","Team2":"Kolkata Knight Riders","Toss winner":null,"Toss decision":null,"Stage":null,"First innings score":null,"First innings wicket":null,"Second innings score":null,"Second innings wicket":null,"Match winner":null,"Won by":null,"Margin":null,"Player of the match":null}
,{"Match ID":"48","Date":"23-May-08","Venue":"Punjab Cricket Association Stadium, Mohali","Team1":"Deccan Chargers","Team2":"Kings XI Punjab","Toss winner":"Kings XI Punjab","Toss decision":"Field","Stage":"Group","First innings score":"175","First innings wicket":"4","Second innings score":"178","Second innings wicket":"4","Match winner":"Kings XI Punjab","Won by":"Wickets","Margin":"6","Player of the match":"Shaun Marsh"}
,{"Match ID":"49","Date":"24-May-08","Venue":"M. A Chidambaram Stadium, Chennai","Team1":"Rajasthan Royals","Team2":"Chennai Super Kings","Toss winner":"Rajasthan Royals","Toss decision":"Bat","Stage":"Group","First innings score":"211","First innings wicket":"5","Second innings score":"201","Second innings wicket":"7","Match winner":"Rajasthan Royals","Won by":"Runs","Margin":"10","Player of the match":"Albie Morkel"}
,{"Match ID":"50","Date":"24-May-08","Venue":"Feroz Shah Kotla, Delhi","Team1":"Mumbai Indians","Team2":"Delhi Daredevils","Toss winner":"Delhi Daredevils","Toss decision":"Field","Stage":"Group","First innings score":"176","First innings wicket":"8","Second innings score":"179","Second innings wicket":"5","Match winner":"Delhi Daredevils","Won by":"Wickets","Margin":"5","Player of the match":"Dinesh Karthik"}
,{"Match ID":"51","Date":"25-May-08","Venue":"Rajiv Gandhi International Cricket Stadium, Hyderabad","Team1":"Deccan Chargers","Team2":"Royal Challengers Bangalore","Toss winner":"Deccan Chargers","Toss decision":"Bat","Stage":"Group","First innings score":"165","First innings wicket":"10","Second innings score":"171","Second innings wicket":"5","Match winner":"Royal Challengers Bangalore","Won by":"Wickets","Margin":"5","Player of the match":"Vinay Kumar"}
,{"Match ID":"52","Date":"25-May-08","Venue":"Eden Gardens, Kolkata","Team1":"Kings XI Punjab","Team2":"Kolkata Knight Riders","Toss winner":"Kings XI Punjab","Toss decision":"Bat","Stage":"Group","First innings score":"174","First innings wicket":"6","Second innings score":"175","Second innings wicket":"7","Match winner":"Kolkata Knight Riders","Won by":"Wickets","Margin":"3","Player of the match":"Umar Gul"}
,{"Match ID":"53","Date":"26-May-08","Venue":"Sawai Mansingh Stadium, Jaipur","Team1":"Mumbai Indians","Team2":"Rajasthan Royals","Toss winner":"Rajasthan Royals","Toss decision":"Field","Stage":"Group","First innings score":"145","First innings wicket":"7","Second innings score":"146","Second innings wicket":"5","Match winner":"Rajasthan Royals","Won by":"Wickets","Margin":"5","Player of the match":"Sohail Tanvir"}
,{"Match ID":"54","Date":"27-May-08","Venue":"Rajiv Gandhi International Cricket Stadium, Hyderabad","Team1":"Deccan Chargers","Team2":"Chennai Super Kings","Toss winner":"Deccan Chargers","Toss decision":"Bat","Stage":"Group","First innings score":"147","First innings wicket":"8","Second innings score":"148","Second innings wicket":"3","Match winner":"Chennai Super Kings","Won by":"Wickets","Margin":"7","Player of the match":"Suresh Raina"}
,{"Match ID":"55","Date":"28-May-08","Venue":"M. Chinnaswamy Stadium, Bangalore","Team1":"Royal Challengers Bangalore","Team2":"Mumbai Indians","Toss winner":"Mumbai Indians","Toss decision":"Field","Stage":"Group","First innings score":"122","First innings wicket":"9","Second innings score":"126","Second innings wicket":"1","Match winner":"Mumbai Indians","Won by":"Wickets","Margin":"9","Player of the match":"Dilhara Fernando"}
,{"Match ID":"56","Date":"28-May-08","Venue":"Punjab Cricket Association Stadium, Mohali","Team1":"Kings XI Punjab","Team2":"Rajasthan Royals","Toss winner":"Rajasthan Royals","Toss decision":"Field","Stage":"Group","First innings score":"221","First innings wicket":"3","Second innings score":"180","Second innings wicket":"7","Match winner":"Kings XI Punjab","Won by":"Runs","Margin":"41","Player of the match":"Shaun Marsh"}
,{"Match ID":"57","Date":"30-May-08","Venue":"Wankhede Stadium, Mumbai","Team1":"Rajasthan Royals","Team2":"Delhi Daredevils","Toss winner":"Delhi Daredevils","Toss decision":"Field","Stage":"Playoff","First innings score":"192","First innings wicket":"9","Second innings score":"87","Second innings wicket":"10","Match winner":"Rajasthan Royals","Won by":"Runs","Margin":"105","Player of the match":"Shane Watson"}
,{"Match ID":"58","Date":"31-May-08","Venue":"Wankhede Stadium, Mumbai","Team1":"Kings XI Punjab","Team2":"Chennai Super Kings","Toss winner":"Kings XI Punjab","Toss decision":"Bat","Stage":"Playoff","First innings score":"112","First innings wicket":"8","Second innings score":"116","Second innings wicket":"1","Match winner":"Chennai Super Kings","Won by":"Wickets","Margin":"9","Player of the match":"Makhaya Ntini"}
,{"Match ID":"59","Date":"01-Jun-08","Venue":"DY Patil Stadium, Navi Mumbai","Team1":"Chennai Super Kings","Team2":"Rajasthan Royals","Toss winner":"Rajasthan Royals","Toss decision":"Field","Stage":"Final","First innings score":"163","First innings wicket":"5","Second innings score":"164","Second innings wicket":"7","Match winner":"Rajasthan Royals","Won by":"Wickets","Margin":"3","Player of the match":"Yusuf Pathan"}
]