{
    "$schema": "http://schema.management.azure.com/schemas/2015-01-01/deploymentTemplate.json#",
    "contentVersion": "1.0.0.0",
    "parameters": {
        "factoryName": {
            "type": "string",
            "metadata": "Data Factory name",
            "defaultValue": "adf-s2c-project1-anuj2803"
        },
        "ls_s2c_project1_dl_accountKey": {
            "type": "secureString",
            "metadata": "Secure string for 'accountKey' of 'ls_s2c_project1_dl'"
        },
        "ls_s2c_project1_GitHub_credential": {
            "type": "secureString",
            "metadata": "Secure string for 'credential' of 'ls_s2c_project1_GitHub'"
        },
        "ls_s2c_project1_dl_properties_typeProperties_url": {
            "type": "string",
            "defaultValue": "https://dls2cproject1anuj2803.dfs.core.windows.net/"
        },
        "ls_s2c_project1_http_properties_typeProperties_url": {
            "type": "string",
            "defaultValue": "https://github.com/sarafupm/ADF_project_01/raw/main/"
        },
        "ls_s2c_project1_GitHub_properties_typeProperties_username": {
            "type": "string",
            "defaultValue": "singhanuj2803"
        },
        "containerUri": {
            "type": "string",
            "metadata": "URI to storage account containing linked ARM templates"
        },
        "containerSasToken": {
            "type": "string",
            "metadata": "Sas token to storage account containing linked ARM templates"
        }
    },
    "variables": {
        "factoryId": "[concat('Microsoft.DataFactory/factories/', parameters('factoryName'))]"
    },
    "resources": [
        {
            "name": "adf-s2c-project1-anuj2803_ArmTemplate_0",
            "type": "Microsoft.Resources/deployments",
            "apiVersion": "2018-02-01",
            "properties": {
                "mode": "incremental",
                "templateLink": {
                    "uri": "[concat(parameters('containerUri'), '/ArmTemplate_0.json', parameters('containerSasToken'))]",
                    "contentVersion": "1.0.0.0"
                },
                "parameters": {
                    "factoryName": {
                        "value": "[parameters('factoryName')]"
                    },
                    "ls_s2c_project1_dl_accountKey": {
                        "value": "[parameters('ls_s2c_project1_dl_accountKey')]"
                    },
                    "ls_s2c_project1_GitHub_credential": {
                        "value": "[parameters('ls_s2c_project1_GitHub_credential')]"
                    },
                    "ls_s2c_project1_dl_properties_typeProperties_url": {
                        "value": "[parameters('ls_s2c_project1_dl_properties_typeProperties_url')]"
                    },
                    "ls_s2c_project1_http_properties_typeProperties_url": {
                        "value": "[parameters('ls_s2c_project1_http_properties_typeProperties_url')]"
                    },
                    "ls_s2c_project1_GitHub_properties_typeProperties_username": {
                        "value": "[parameters('ls_s2c_project1_GitHub_properties_typeProperties_username')]"
                    }
                }
            },
            "dependsOn": []
        }
    ]
}