{
    "$schema": "https://schema.management.azure.com/schemas/2015-01-01/deploymentParameters.json#",
    "contentVersion": "1.0.0.0",
    "parameters": {
        "factoryName": {
            "value": "adf-s2c-project1-anuj2803"
        },
        "ls_s2c_project1_dl_accountKey": {
            "value": ""
        },
        "ls_s2c_project1_GitHub_credential": {
            "value": ""
        },
        "ls_s2c_project1_dl_properties_typeProperties_url": {
            "value": "https://dls2cproject1anuj2803.dfs.core.windows.net/"
        },
        "ls_s2c_project1_http_properties_typeProperties_url": {
            "value": "https://github.com/sarafupm/ADF_project_01/raw/main/"
        },
        "ls_s2c_project1_GitHub_properties_typeProperties_username": {
            "value": "singhanuj2803"
        }
    }
}